名称,类别,地理位置-区,地理位置-板块,地理位置-详细地址,房型,面积,均价,总价
首创禧悦兴城,住宅,大兴,枣园,北京市大兴区观音寺街道首创禧悦兴城,2室,91,29000,339
清樾府,住宅,昌平,沙河,回首路住总清樾府,3室,114,46000,357
京投发展森与天成,住宅,丰台,新宫,新宫西路与新宫商业二街交汇处，新宫地铁站A口向北300米,1室,111,78000,907
紫京宸园,住宅,朝阳,朝青,朝阳北路紫京宸园,4室,205,110000,2373
北京润府,住宅,通州,通州其它,亦庄经济技术开发区嘉创一路与兴光三街交叉口,3室,137,65000,885
朝棠揽阅,住宅,通州,通州北苑,北京市通州区,3室,96,60000,565
龙湖熙湖悦著,住宅,房山,房山其它,大苑村收费站出口（良坨路桥）左行200米,4室,219,15000,515
国誉星城,住宅,昌平,沙河,史各庄街道国誉星城,3室,103,53500,367
水岸壹号,低密住宅,房山,良乡,良乡大学城西站地铁南侧800米，刺猬河旁,3室,192,45000,502
运河铭著,住宅,通州,北关,商通大道与榆东一街交叉口，温榆河森林公园东500米,3室,153,42000,603
万年广阳郡九号,住宅,房山,长阳,长阳清苑南街与汇商东路交汇处西北角,4室,197,45000,964
首开璞瑅隐园,住宅,丰台,方庄,紫芳园五区,4室,203,113000,2200
御汤山熙园,低密住宅,昌平,昌平其它,北京市昌平区小汤山镇顺沙路99号院,4室,418,38000,4775
檀香府,低密住宅,门头沟,门头沟其它,京潭大街与潭柘十街交叉口,3室,264,38000,950
韩建·观山源墅,低密住宅,房山,良乡,阳光北大街与多宝路交汇处西南（理工大学北校区西侧）,3室,310,40000,1250
玺源台,住宅,西城,广安门,"广安门外大街305号, 莲花池东路, 莲花河北街11号院",1室,92,150000,1127
首城汇景墅,低密住宅,平谷,平谷其它,"金河北街6号院, 金河北街8号院",3室,360,25000,690
水墨林溪,住宅,房山,阎村,窦店镇大窦路与阎周路交叉口西北向50米,2室,114,18000,190
燕西华府,住宅,丰台,丰台其它,"王佐镇青龙湖公园东1500米,",3室,174,40000,412
一瓶八斗,住宅,朝阳,亚运村小营,大屯路222号,4室,273,80000,2255
鲁能·格拉斯小镇,低密住宅,通州,通州其它,北京市通州区宋庄镇格拉斯小镇营销中心,3室,421,55000,2750
兴创荣墅,低密住宅,大兴,大兴新机场洋房别墅区,北京市大兴区育胜街,3室,380,25000,1052
温哥华森林,低密住宅,昌平,北七家,"北五环外紧邻立汤路，北七家建材城向北第一个路口200米路东, 枫树家园6区, 枫树家园五区",3室,464,43000,1250
丽都壹号,住宅,朝阳,酒仙桥,"将台路与驼房营路交叉口向北150米, 将府家园北里",3室,123,68000,722
北辰红橡墅,低密住宅,昌平,北七家,北京市昌平区小汤山镇立汤路7号院,5室,558,30000,1169
燕西华府,低密住宅,丰台,丰台其它,"王佐镇青龙湖公园东1500米, 泉湖西路1号院（七区）, 泉湖西路1号院（六区）",3室,600,41000,2650
福景苑,住宅,朝阳,燕莎,亮马桥路46号,2室,206,80000,1840
十里春风,住宅,通州,通州其它,北京市通州区,2室,85,13800,127
十里春风,低密住宅,通州,通州其它,北京市通州区,3室,155,26500,420
超级蜂巢,商业,房山,良乡,苏庄地铁站往南700米超级蜂巢售楼处,,,30000,200
玺萌壹號院,低密住宅,丰台,草桥,西南三环嘉园路与镇国寺北街交叉口,5室,392,90000,4107
金隅上城郡,低密住宅,昌平,北七家,北亚花园东路50米,4室,307,40000,920
万科弗农小镇,低密住宅,密云,溪翁庄镇,北京市密云区密云水库南行1公里,3室,172,25000,327
顺鑫颐和天璟,住宅,顺义,顺义其它,北京市顺义区牛栏山镇牛富路顺鑫颐和天璟禧润售楼中心,4室,165,27000,735
北京城建北京合院,住宅,顺义,顺义其它,燕京街与通顺路交汇口东800米（仁和公园南）,,125,40000,550
北京城建北京合院,低密住宅,顺义,顺义其它,燕京街与通顺路交汇口东800米(仁和公园南)),4室,270,34000,1020
紫金印象,住宅,西城,右安门内,北京市西城区右安门内大街28号1-1-101号,2室,146,139800,2041
天润福熙大道,住宅,朝阳,北苑,"清河营东路1号院, 清河营东路3号院",2室,247,90000,1568
京贸国际公馆,住宅,通州,九棵树(家乐福),怡乐中路299号院（广渠快速路二期出口向南1000米）,1室,109,64000,722
凯德麓语,低密住宅,昌平,昌平其它,兴寿镇京承高速G11出口向西怀昌路北侧,3室,571,20000,967
京贸国际城·峰景,住宅,通州,武夷花园,芙蓉东路1号（通燕高速耿庄桥北出口向南300米）,1室,104,68000,655
观唐云鼎,低密住宅,密云,溪翁庄镇,溪翁庄镇密溪路39号院（云佛山度假村对面）,3室,479,18000,1409
檀谷,住宅,门头沟,门头沟其它,京潭大街与潭柘十街交叉口,3室,147,36000,625
和棠瑞著,低密住宅,平谷,平谷其它,北京平谷区平谷金海湖景区坝前广场西侧500米,4室,332,16000,455
华萃西山,住宅,门头沟,门头沟其它,永定镇地铁S1号线石厂西南700米,3室,118,42000,425
京西悦府,低密住宅,房山,阎村,北京市房山区燕房线阎村地铁站东南角约189米,3室,169,38000,389
京投发展·锦悦府,低密住宅,密云,鼓楼街道,檀营乡檀东路西侧,3室,236,25000,475
金辰府,住宅,昌平,北七家,北京市昌平区北七家镇政府东南100米,3室,116,40000,527
建邦·顺颐府,住宅,顺义,后沙峪,空港B区裕民大街30号千里马国际一层建邦·顺颐府售楼中心,3室,118,48000,407
北京中国府,住宅,丰台,玉泉营,北京市丰台东路46号,3室,204,115000,2450
华萃西山,低密住宅,门头沟,门头沟其它,门头沟永定镇地铁S1号线石厂站西南700米,3室,190,40000,525
北京东湾,住宅,通州,万达,通惠北路98号,1室,94,68500,600
中铁诺德阅墅,低密住宅,顺义,中央别墅区,顺义区后沙峪镇裕园路762乡龙湖滟澜山对面,4室,277,50000,1425
懋源·璟岳,低密住宅,丰台,玉泉营,南三环西路99号院,4室,445,140000,8725
合景泰富天汇,住宅,顺义,马坡,顺义区昌金路与通顺路交汇处,2室,210,25000,570
水岸雁栖,住宅,怀柔,怀柔,北京市怀柔区雁栖镇顶秀美泉小镇A区北侧50米,,109,23000,323
懋源·璟玺,低密住宅,朝阳,中央别墅区,北京朝阳区孙河京密路与京平辅路交叉口西行1000米,7室,608,100000,5380
金茂北京国际社区,住宅,顺义,顺义其它,顺义新城北小营昌金路水色时光路西,1室,84,21000,147
北京东直门8号,住宅,朝阳,东直门,东直门外斜街8号,2室,269,190000,3625
住总如院,住宅,大兴,大兴新机场洋房别墅区,北京市大兴区采华路(波尔多小镇南区西南侧约250米),2室,165,31136,222
住总如院,低密住宅,大兴,大兴新机场洋房别墅区,北京市大兴区采华路(波尔多小镇南区西南侧约250米),3室,327,22728,472
建邦·顺颐府,低密住宅,顺义,后沙峪,空港B区裕民大街30号,3室,278,48000,1179
和悦春风,住宅,大兴,大兴新机场,北京市大兴区隆延街与甜园路交叉路口往西北约150米,3室,91,27000,222
阳光城溪山悦,低密住宅,密云,溪翁庄镇,密溪路33号,2室,214,20000,410
北京城建·府前龙樾,住宅,怀柔,怀柔,北京怀柔区怀柔兴怀大街4号社区服务中心南侧,3室,136,35000,652
中骏云景台,住宅,房山,房山其它,官道西大街与良常路交叉口,2室,95,26000,218
禧瑞金海,住宅,平谷,平谷其它,北京平谷区平谷平蓟路与环镇东路交汇,,98,22000,290
禧瑞金海,低密住宅,平谷,平谷其它,平蓟路与环镇东路交汇,4室,162,13000,264
中建国望府,低密住宅,丰台,丰台其它,丰台区鑫博路5号院二区,4室,470,2599-3599,
北科建·翡翠华府,住宅,怀柔,怀柔,中高路与乐园大街交叉口北150米,3室,90,30000,420
保利绿城·和锦诚园,住宅,大兴,瀛海,8号线南段地铁站东1.6公里,4室,141,65000,905
复地通运府,酒店式公寓,通州,万达,北京市通州区北大街148号,3室,134,30000,470
住总兴创如遇,住宅,大兴,大兴新机场洋房别墅区,采华路与育镇街交叉路口往西北约100米(采育文化广场西南侧约100米),1室,71,21000,96
悠唐麒麟公馆,住宅,朝阳,朝阳门外,北京市朝阳三丰北里,1室,96,120000,1135
国祥府,住宅,密云,鼓楼街道,檀西路与新北路交汇处向北约400米,2室,101,26000,265
谧见金禧,底商,顺义,顺义其它,临空经济核心区南法信地铁站南300米,,,价格待定,
北京天誉,住宅,丰台,十里河,分钟寺地铁站C口东，北京市丰台区小红门路312号,4室,185,120000,2300
航城壹号,住宅,大兴,大兴新机场,大广高速瓜乡桥西北300米航城壹号,2室,137,28000,222
长城璞院,低密住宅,怀柔,怀柔其它,距离怀柔区黄花城水长城东侧1.5公里,5室,215,20000,471
国誉万和城,住宅,丰台,青塔,西四环14号线大瓦窑站北300m,4室,150,82000,1287
北京中国府,低密住宅,丰台,玉泉营,丰台东路46号,4室,470,125000,4000
首开富力·十號国际,写字楼,顺义,顺义其它,高白路首开富力·十號国际,1室,594,17500,1400
傲云,住宅,朝阳,中央别墅区,顺黄路44号,5室,245,89000,1972
合生me悦,住宅,大兴,瀛海,大兴区南五环德茂站西200米,2室,86,62000,537
西山相府,住宅,门头沟,城子,城子大街13号,3室,134,46000,662
傲云,低密住宅,朝阳,中央别墅区,顺黄路53号,4室,387,100000,3600
长安悦玺,住宅,石景山,鲁谷,北京石景山区鲁谷衙门口南路京汉旭城家园南侧,3室,135,79500,387
中建·长安麓府,住宅,门头沟,冯村,泰安路中建·长安麓府,4室,104,42000,650
望京龙樾,住宅,朝阳,朝阳其它,北京市朝阳区南皋村中街,4室,150,75000,1175
金融街武夷·融御（二期）,住宅,通州,武夷花园,通胡大街 金融街武夷·融御（二期）,4室,125,60000,1010
和光瑞府,住宅,顺义,中央别墅区,北京市顺义区中粮祥云小镇南侧地块,4室,130,58000,725
青云上府,住宅,朝阳,中央别墅区,东苇路青云上府,3室,272,53000,980
和光悦府,住宅,朝阳,朝阳其它,南皋路和光悦府,4室,145,88000,1162
朝阳壹号,住宅,朝阳,垡头,北京市朝阳区,3室,140,71000,875
国祥雲著,住宅,密云,鼓楼街道,密云区檀营乡新北路,3室,126,26000,371
和悦璞云,住宅,大兴,大兴其它,榆南路和悦璞云,1室,76,27500,212
中骏金辉未来云城,住宅,大兴,黄村火车站,北京·大兴新城·京雄城际铁路北京大兴站西50米，地铁黄村火车站西800米。,3室,123,50000,700
远洋源山春秋,住宅,石景山,石景山其它,北京市石景山区刘娘府北街,3室,395,95700,2575
大兴德贤华府,住宅,大兴,义和庄,兴良路德贤华府,2室,106,37000,420
德贤御府,住宅,朝阳,朝阳其它,北京市朝阳区楼梓庄路德贤御府1号楼,4室,109,65000,884
熙悦晴翠,住宅,丰台,丰台其它,长顺二路熙悦晴翠,3室,107,52000,742
越秀天恒.怀山府,住宅,怀柔,怀柔,红螺寺路怀山府,3室,114,34000,397
西山金茂府,住宅,丰台,杜家坎,北京市丰台区,4室,125,43000,695
复兴华府,住宅,通州,果园,北京市通州区复兴南里11号楼,2室,118,44000,600
中绿东岳府,住宅,朝阳,垡头,王四营乡兴学路2号院中绿东岳府,3室,152,60000,995
京能丽墅,低密住宅,大兴,大兴新机场洋房别墅区,南北大街京能丽墅,3室,240,25000,572
中建宸庐云起,低密住宅,顺义,马坡,大营二街中建宸庐云起,3室,242,40000,707
水岸雁栖,低密住宅,怀柔,怀柔,京加路水岸雁栖,4室,279,22000,807
北京建工·璟玥林汐,住宅,怀柔,怀柔,和平街北京建工·璟玥林汐,2室,104,30000,361
西红门橡树湾一期,住宅,大兴,西红门,福伟路橡树湾,,100,55000,
中铁兴创逸境,住宅,大兴,大兴其它,中铁兴创逸境,3室,104,41000,542
富兴首府,低密住宅,朝阳,东坝,朝阳-东坝/润泽路,4室,320,82000,2710
金隅昆泰云筑,住宅,朝阳,十八里店,北京市朝阳区高标南路,2室,133,75000,1005
长安润璟,住宅,石景山,石景山其它,景顺街长安润璟,3室,116,65000,769
北京城建龙樾天元,住宅,丰台,岳各庄,青塔西路北京城建龙樾天元,4室,123,75000,980
中海汇智里,住宅,昌平,昌平其它,北京昌平区沙河中关村创新基地满白路与太行路交叉口北京信息科技大学北侧,1室,89,50000,240
京能云璟壹号,住宅,密云,鼓楼街道,北京密云区密云新城0104街区东部阳光街南侧,4室,194,27000,530
山水首府,住宅,怀柔,怀柔,庙赵路山水首府,2室,100,26000,372
晓风印月,住宅,朝阳,朝阳其它,北京市朝阳区崔各庄乡南皋路北侧,4室,135,70000,1035
保利锦上二期,住宅,朝阳,垡头,北京市朝阳区化工路焦化厂地铁站东北侧500米,4室,118,60000,977
国祥源境,住宅,密云,鼓楼街道,水源东路国祥源境,4室,149,28500,537
懋源璟廷,住宅,丰台,七里庄,北京市丰台区望园东里西北（望园北路北）,2室,216,110000,1800
懋源煜泽台,住宅,丰台,七里庄,北京市丰台区七里庄中国农业银行（北京丰台支行）南,4室,164,105000,2050
懋源璟瑜,住宅,丰台,七里庄,北京市丰台区七里庄路4号院西北（丰华苑东街西）,4室,233,110000,2450
汇豪公园里,住宅,房山,窦店,北京市房山区房窑路与大窦路交叉口东220米,1室,77,23000,160
华曦府,住宅,丰台,青塔,北京丰台小瓦窑小瓦窑西路与吴家村路交叉口,3室,110,75000,825
宸知筑,住宅,丰台,青塔,北京市丰台区小屯西路棚户区改造25-132地块,3室,141,58000,951
京投发展·北熙区,住宅,朝阳,朝阳其它,北京朝阳区东坝地铁12号线东坝西站东100米,2室,125,79000,1057
中建宸园,住宅,朝阳,望京,来广营北路88号,5室,227,90000,1955
中海富华里,住宅,海淀,海淀北部新区,北京市海淀区·永丰高新技术产业基地·海淀大悦城（在建中）东约1.3km,2室,110,80000,586
华龙IN巷,住宅,东城,永定门,沙子口路华龙IN巷,2室,146,99000,1685
懋源璟橒,住宅,顺义,中央别墅区,天柱东路懋源璟橒,4室,295,85000,2975
北京城建·国誉燕园,住宅,昌平,昌平其它,北京市昌平区国誉燕园,2室,92,34900,361
云筑二期,住宅,朝阳,十八里店,高标南路金隅昆泰云筑二期,3室,129,75000,545
懋源璟橒,低密住宅,顺义,中央别墅区,天柱东路懋源璟橒,6室,520,85000,4335
能建·京玥兰园,住宅,通州,临河里,群芳中二街京玥兰园,1室,97,53000,295
君礼著,住宅,丰台,玉泉营,北京市丰台区桥安西路与丰台东路交叉口,3室,145,106000,1437
西红门橡树湾二期,住宅,大兴,西红门,福兴路西红门橡树湾二期,,127,55000,800
中海长安誉,住宅,石景山,古城,北京市石景山区老古城前街55号,4室,139,75800,850
理想荟,底商,大兴,西红门,欣荣北大街18号院,,,48000,350
京华国贤府,住宅,房山,良乡,阳光南大街京华国贤府,1室,72,34000,242
若丘,住宅,门头沟,门头沟其它,锦屏北街若丘,3室,118,32000,410
中建·长安麓院,住宅,门头沟,冯村,冯石环路中建·长安麓院,4室,103,42000,535
金隅望京云尚,住宅,朝阳,望京,朝阳区奶子房中街2号院,2室,138,85000,1157
越秀·星樾,住宅,昌平,回龙观,北京市昌平区,2室,103,63000,645
越秀·天玥,住宅,石景山,苹果园,苹果园大街越秀·天玥,3室,107,74800,855
玺悦朝阳,住宅,朝阳,常营,北京市朝阳区朝阳北路辅路,4室,124,83000,1185
北京城建·星誉BEIJING,住宅,顺义,顺义其它,北京市顺义区双平西街,2室,93,36700,255
北京城建·国誉朝华,住宅,通州,北关,北京市通州区,2室,83,62000,596
丰禾嘉会,住宅,通州,通州其它,东光路丰禾嘉会,3室,100,58000,325
云筑三期云未,住宅,朝阳,十八里店,北京市朝阳区十八里店朝阳港地块,2室,105,75000,871
金橙寻味,底商,通州,临河里,"土桥中街和迎熏东路交叉口西北角，土桥地铁站东行1200米, 砖厂北里",,,50000,198
朝阳·中建星光里,住宅,朝阳,十里河,北京市朝阳区小红门路和谐苑南侧约70米,3室,99,75000,882
中交·伴山观岚,住宅,石景山,石景山其它,北京市石景山区潭峪路,3室,117,45000,607
世嘉博苑,底商,大兴,西红门,欣宁街76号,,,37000,650
中建璞园,住宅,朝阳,中央别墅区,北京市朝阳区东苇路与机场高速交汇向南约700米,3室,99,79800,610
金融街武夷融御（三期）,住宅,通州,武夷花园,紫运北街金融街武夷融御（三期）,2室,149,66000,975
梧桐山语,住宅,昌平,东关,昌平区朝辛路,2室,92,43000,310
招商璀璨公元,住宅,通州,临河里,群芳中三街与颐瑞中三路交叉口,3室,109,62000,407
招商·璀璨时代,住宅,通州,通州其它,北京市通州区桑园三街东光路璀璨时代,3室,114,58000,662
中海学府里,住宅,石景山,鲁谷,张仪村路中海学府里,3室,108,75000,675
王府77,商业类,东城,灯市口,北京市东城区王府井大街77号（中国美术馆地铁站D2西南口步行440米）,,,170000,3000
招商•臻园,住宅,丰台,科技园区,北京市丰台区丰园路招商•臻园,4室,111,60000,440
西红门橡树湾三期,住宅,大兴,西红门,福伟路西红门橡树湾三期,4室,122,55000,942
长安府,低密住宅,通州,北关,北京市通州区榆景中路,4室,451,78000,3340
北京建工熙华台,住宅,丰台,青塔,北京建工熙华台,3室,110,85000,910
石景山保利璟山和煦,住宅,石景山,苹果园,北京市石景山区新立街2号,3室,106,62000,717
颐瑞府,住宅,通州,临河里,群芳中三街和颐瑞中三路交汇西南方向,3室,157,60000,970
昌平 北京国贤府,住宅,昌平,北七家,七星路北京国贤府,4室,140,55000,720
北京建工揽星樾,住宅,房山,城关,京周路北京建工揽星樾,2室,92,21500,217
璟上兰园,住宅,顺义,后沙峪,北京市顺义区火寺路与火沙路交口向北约200米,3室,128,52000,643
北投晟景汀澜,住宅,通州,北关,北京通州区运河核心区永顺镇潞苑二街与中瑞西路交汇处,1室,83,50000,417
大兴晓月和风,住宅,大兴,黄村中,北京市大兴区,3室,132,53000,860
宏大北园社区,底商,大兴,西红门,宏大北园,,,650,
招商玺,住宅,大兴,大兴其它,兴海路与博兴六路交叉口西北招商玺,4室,204,77000,1625
建发观堂府,住宅,昌平,东关,北京市昌平区,3室,124,45000,760
璞瑅润府,住宅,顺义,马坡,顺沙路璞瑅润府,4室,146,38000,460
梧桐星宸,住宅,昌平,沙河,昌平线沙河高教园地铁站旁,1室,93,50000,457
香山樾,住宅,海淀,西山,北京市海淀区香山南路与杏石口路交叉口西200米,4室,228,121000,2850
壹品兴创颐和公馆,住宅,大兴,黄村火车站,北京大兴黄村义忠路和义和庄南街交界处,3室,149,55000,895
